TF;Motif;Source (CIS-BP - build 1.94)
Stat3;TTCCCGGAA;M05480_1.94d
Zfx;AGGCCT;M00640_1.94d
Esrrb;CAAGGTCA;M08637_1.94d
Smad1;CCTTTGTTATGCAAA;10.1016/j.cell.2008.04.043
Smad1_v2;GCCTGTCTG;M06764_1.94d
Smad4;TCTAGACA;M10290_1.94d
Klf4;CCACGCCC;M08637_1.94d
Tcfcp2l1;CCGGTTCGAACCGG;M09235_1.94d
Gbx2;TAATTG;M05758_1.94d
Zfp42;CAATATGGC;M09317_1.94d
Rara::Rxra;AAGGTCATTTGAGGTCA;M06033_1.94d
Neurog2;AACATATGTT;M08951_1.94d
Pax6;CACGCATGACTGC;M09045_1.94d
Rbpj;TTCCCA;M00862_1.94d
Sp1;CCCCGCCCCC;M06128_1.94d
Gli1;GACCACCC;M00597_1.94d
Irf3;GGAAACGGAAACCGAAAC;M08827_1.94d
Irx3;TACATGAATATTCATGTA;M08849_1.94d
Otx1;TAATCCG;M05974_1.94d
Creb1;TGACGTCA;M10066_1.94d
Nr3c1(GR);GTACATTATGTTC;M10263_1.94d
Nfe2l2;TGACTCAGCA;M02705_1.94d
Elk1;ACCGGAAGT;M05658_1.94d
Trp53;GGACATGCCCGGGCATGT;M06704_1.94d
Nfkb1;GGGGAATCCCC;M10276_1.94d
Tcf7l2;AGATCAAAGG;M02162_1.94d
Homez;TATAATCGTTTT;M05805_1.94d